row_number,lastname,player_id,ranking_date,frac
1,Kafelnikov,102338,1999-05-10,1.79
2,Kafelnikov,102338,1999-05-03,1.79
3,Kafelnikov,102338,1999-05-17,1.79
4,Kafelnikov,102338,1999-05-24,1.80
5,Kafelnikov,102338,1999-06-07,1.81
6,Kafelnikov,102338,1999-05-31,1.82
7,Sampras,101948,1999-03-08,1.82
8,Sampras,101948,1999-03-01,1.82
9,Moya,102845,1999-03-15,1.84
10,Sampras,101948,1999-04-26,1.86
11,Sampras,101948,1999-04-05,1.86
12,Sampras,101948,1999-03-29,1.86
13,Sampras,101948,1999-03-22,1.87
14,Sampras,101948,1999-04-12,1.87
15,Sampras,101948,1999-04-19,1.87
16,Sampras,101948,1999-06-21,1.88
17,Sampras,101948,1999-06-14,1.89
18,Sampras,101948,1998-04-27,1.89
19,Rios,102701,1998-03-30,1.91
20,Rios,102701,1998-04-20,1.91
21,Rios,102701,1998-04-06,1.91
22,Rios,102701,1998-04-13,1.91
23,Sampras,101948,1998-08-31,1.91
24,Sampras,101948,1999-02-15,1.93
25,Sampras,101948,1999-06-28,1.93
26,Sampras,101948,1998-02-23,1.94
27,Sampras,101948,1999-02-22,1.94
28,Rafter,102158,1999-07-26,1.94
29,Sampras,101948,1998-02-16,1.94
30,Sampras,101948,1998-08-24,1.94
31,Sampras,101948,1998-11-23,1.94
32,Agassi,101736,1999-07-19,1.95
33,Sampras,101948,1998-03-02,1.95
34,Agassi,101736,1999-07-05,1.95
35,Sampras,101948,1999-08-09,1.95
36,Sampras,101948,1998-11-16,1.95
37,Sampras,101948,1998-03-09,1.95
38,Agassi,101736,1999-07-12,1.95
39,Sampras,101948,1998-06-15,1.96
40,Sampras,101948,1998-06-22,1.97
41,Sampras,101948,1998-06-08,1.97
42,Sampras,101948,1998-05-04,1.97
43,Sampras,101948,1998-03-16,1.97
44,Sampras,101948,1998-05-11,1.98
45,Sampras,101948,1998-07-06,1.98
46,Rios,102701,1998-08-10,1.98
47,Sampras,101948,1999-02-01,1.99
48,Rios,102701,1998-08-17,1.99
49,Sampras,101948,1998-02-09,1.99
50,Sampras,101948,1998-07-13,1.99
51,Sampras,101948,1998-05-25,2.00
52,Sampras,101948,1999-08-02,2.00
53,Sampras,101948,1998-05-18,2.00
54,Sampras,101948,1998-02-02,2.01
55,Sampras,101948,1998-09-07,2.02
56,Sampras,101948,1998-07-20,2.03
57,Sampras,101948,1998-11-30,2.04
58,Sampras,101948,1999-01-04,2.04
59,Sampras,101948,1998-08-03,2.04
60,Sampras,101948,1998-06-29,2.04
61,Sampras,101948,1999-02-08,2.05
62,Sampras,101948,1999-01-11,2.05
63,Sampras,101948,1998-07-27,2.05
64,Sampras,101948,1998-12-07,2.05
65,Sampras,101948,1998-12-14,2.05
66,Sampras,101948,1999-08-16,2.06
67,Sampras,101948,1999-09-06,2.06
68,Sampras,101948,1999-01-18,2.06
69,Sampras,101948,1998-06-01,2.07
70,Sampras,101948,1998-03-23,2.07
71,Sampras,101948,1999-08-30,2.08
72,Sampras,101948,1999-08-23,2.08
73,Sampras,101948,1997-11-10,2.11
74,Sampras,101948,1998-09-21,2.11
75,Sampras,101948,1998-09-28,2.12
76,Sampras,101948,1998-12-28,2.12
77,Sampras,101948,1998-11-02,2.12
78,Sampras,101948,1998-09-14,2.13
79,Sampras,101948,1998-12-21,2.13
80,Sampras,101948,1998-10-12,2.13
81,Sampras,101948,1997-10-27,2.14
82,Sampras,101948,1999-01-25,2.14
83,Sampras,101948,1998-10-05,2.15
84,Agassi,101736,1999-10-25,2.21
85,Sampras,101948,2000-11-13,2.26
86,Sampras,101948,2000-11-06,2.26
87,Sampras,101948,1998-11-09,2.27
88,Sampras,101948,2000-10-16,2.28
89,Sampras,101948,2000-10-02,2.28
90,Sampras,101948,1998-10-19,2.28
91,Sampras,101948,2000-10-09,2.28
92,Sampras,101948,2000-10-30,2.29
93,Agassi,101736,1999-11-01,2.29
94,Sampras,101948,2000-10-23,2.29
95,Sampras,101948,2000-09-11,2.30
96,Sampras,101948,1997-10-20,2.30
97,Sampras,101948,1997-10-13,2.30
98,Sampras,101948,1998-10-26,2.30
99,Agassi,101736,1999-10-18,2.31
100,Sampras,101948,2000-09-25,2.31
101,Sampras,101948,1997-10-06,2.31
102,Agassi,101736,1999-10-11,2.31
103,Sampras,101948,2000-09-18,2.31
104,Sampras,101948,1996-08-12,2.32
105,Sampras,101948,1996-07-29,2.32
106,Agassi,101736,2000-08-21,2.32
107,Courier,101793,1992-11-16,2.32
108,Agassi,101736,2000-08-28,2.33
109,Sampras,101948,1996-09-02,2.33
110,Sampras,101948,1993-11-01,2.33
111,Agassi,101736,2000-09-04,2.33
112,Kuerten,102856,2001-11-05,2.34
113,Sampras,101948,1996-08-05,2.34
114,Kuerten,102856,2001-11-12,2.35
115,Agassi,101736,1999-09-27,2.36
116,Courier,101793,1993-03-01,2.36
117,Agassi,101736,1999-09-20,2.36
118,Courier,101793,1993-02-22,2.36
119,Sampras,101948,1996-11-18,2.36
120,Sampras,101948,1993-11-08,2.36
121,Agassi,101736,1999-09-13,2.37
122,Safin,103498,2000-11-27,2.37
123,Sampras,101948,1996-11-11,2.37
124,Agassi,101736,2000-08-14,2.38
125,Safin,103498,2000-11-20,2.38
126,Agassi,101736,1999-10-04,2.38
127,Sampras,101948,1996-11-04,2.39
128,Sampras,101948,1996-07-15,2.39
129,Sampras,101948,1997-12-15,2.39
130,Hewitt,103720,2002-11-04,2.39
131,Hewitt,103720,2002-11-11,2.39
132,Sampras,101948,1998-01-19,2.39
133,Sampras,101948,1996-08-26,2.39
134,Courier,101793,1993-02-08,2.40
135,Courier,101793,1992-11-02,2.40
136,Agassi,101736,2003-09-01,2.40
137,Agassi,101736,2003-08-25,2.40
138,Agassi,101736,2003-08-18,2.40
139,Sampras,101948,1996-07-08,2.40
140,Sampras,101948,1996-07-22,2.40
141,Sampras,101948,1998-01-12,2.41
142,Agassi,101736,2003-07-28,2.41
143,Courier,101793,1993-02-15,2.41
144,Sampras,101948,1997-12-08,2.41
145,Sampras,101948,1993-10-25,2.42
146,Sampras,101948,1996-08-19,2.42
147,Sampras,101948,1997-12-01,2.42
148,Courier,101793,1992-10-26,2.42
149,Courier,101793,1993-01-18,2.42
150,Sampras,101948,1997-11-17,2.43
151,Kuerten,102856,2001-07-09,2.43
152,Sampras,101948,1993-11-15,2.43
153,Sampras,101948,1997-11-24,2.43
154,Kuerten,102856,2001-07-16,2.43
155,Sampras,101948,1993-10-18,2.44
156,Courier,101793,1992-12-14,2.44
157,Sampras,101948,1997-11-03,2.44
158,Courier,101793,1992-11-09,2.44
159,Sampras,101948,1993-10-11,2.44
160,Sampras,101948,1993-04-12,2.44
161,Sampras,101948,1993-09-27,2.45
162,Courier,101793,1992-12-07,2.45
163,Agassi,101736,2003-06-30,2.45
164,Courier,101793,1993-01-11,2.45
165,Sampras,101948,1993-09-20,2.45
166,Agassi,101736,2003-06-23,2.45
167,Agassi,101736,2003-06-16,2.45
168,Edberg,101222,1992-04-06,2.45
169,Courier,101793,1992-12-21,2.45
170,Courier,101793,1992-11-23,2.45
171,Courier,101793,1993-02-01,2.46
172,Sampras,101948,1997-09-08,2.46
173,Courier,101793,1992-11-30,2.46
174,Sampras,101948,1993-10-04,2.46
175,Hewitt,103720,2002-02-11,2.46
176,Sampras,101948,1997-09-15,2.46
177,Sampras,101948,1998-01-26,2.46
178,Agassi,101736,2003-08-04,2.46
179,Sampras,101948,1997-09-22,2.46
180,Edberg,101222,1992-03-23,2.46
181,Agassi,101736,2000-08-07,2.47
182,Sampras,101948,1993-09-13,2.47
183,Edberg,101222,1992-09-14,2.47
184,Hewitt,103720,2002-01-28,2.47
185,Hewitt,103720,2002-02-04,2.47
186,Hewitt,103720,2002-02-18,2.47
187,Sampras,101948,1998-01-05,2.47
188,Agassi,101736,2003-08-11,2.47
189,Sampras,101948,1997-12-29,2.47
190,Sampras,101948,1997-12-22,2.47
191,Kuerten,102856,2001-06-11,2.48
192,Sampras,101948,1993-05-24,2.48
193,Edberg,101222,1992-09-21,2.48
194,Sampras,101948,1993-05-03,2.48
195,Sampras,101948,1993-06-21,2.48
196,Sampras,101948,1993-05-10,2.48
197,Kuerten,102856,2001-07-02,2.48
198,Kuerten,102856,2001-06-18,2.48
199,Kuerten,102856,2001-06-25,2.48
200,Hewitt,103720,2002-02-25,2.48
201,Courier,101793,1993-03-22,2.48
202,Sampras,101948,1993-04-26,2.48
203,Sampras,101948,1996-09-23,2.49
204,Agassi,101736,1999-11-08,2.49
205,Sampras,101948,1996-09-09,2.49
206,Sampras,101948,1993-06-14,2.49
207,Sampras,101948,1993-06-07,2.49
208,Sampras,101948,1993-04-19,2.49
209,Kuerten,102856,2001-05-21,2.49
210,Kuerten,102856,2001-05-28,2.49
211,Sampras,101948,1993-05-17,2.49
212,Muster,101404,1996-04-08,2.49
213,Courier,101793,1993-08-30,2.50
214,Sampras,101948,1996-09-16,2.50
215,Courier,101793,1992-10-19,2.50
216,Kuerten,102856,2001-06-04,2.50
217,Courier,101793,1993-04-05,2.50
218,Sampras,101948,1993-08-16,2.50
219,Hewitt,103720,2002-01-21,2.51
220,Agassi,101736,1999-11-15,2.51
221,Agassi,101736,1999-11-22,2.51
222,Agassi,101736,2003-07-21,2.51
223,Hewitt,103720,2002-01-14,2.51
224,Sampras,101948,1994-01-10,2.51
225,Courier,101793,1993-08-23,2.51
226,Sampras,101948,1993-12-20,2.52
227,Ferrero,103507,2003-10-06,2.52
228,Kuerten,102856,2001-01-22,2.52
229,Kuerten,102856,2001-01-01,2.52
230,Kuerten,102856,2001-01-15,2.52
231,Agassi,101736,2003-07-07,2.52
232,Kuerten,102856,2000-12-11,2.52
233,Kuerten,102856,2000-12-18,2.52
234,Ferrero,103507,2003-10-13,2.52
235,Kuerten,102856,2000-12-04,2.52
236,Agassi,101736,2003-07-14,2.52
237,Kuerten,102856,2001-01-08,2.52
238,Sampras,101948,1993-12-13,2.52
239,Kuerten,102856,2000-12-25,2.52
240,Sampras,101948,1994-01-17,2.53
241,Sampras,101948,1993-12-06,2.53
242,Ferrero,103507,2003-09-29,2.53
243,Sampras,101948,1996-04-15,2.53
244,Muster,101404,1996-03-18,2.53
245,Edberg,101222,1992-09-28,2.53
246,Hewitt,103720,2002-03-11,2.53
247,Edberg,101222,1992-01-13,2.54
248,Safin,103498,2001-02-05,2.54
249,Courier,101793,1992-10-05,2.54
250,Sampras,101948,1996-10-21,2.54
251,Sampras,101948,1995-03-06,2.54
252,Courier,101793,1992-10-12,2.54
253,Edberg,101222,1992-01-06,2.54
254,Courier,101793,1992-04-13,2.54
255,Sampras,101948,1993-11-29,2.54
256,Sampras,101948,1997-06-09,2.55
257,Edberg,101222,1991-12-02,2.55
258,Hewitt,103720,2002-07-01,2.55
259,Edberg,101222,1991-12-23,2.55
260,Kuerten,102856,2001-07-23,2.55
261,Muster,101404,1996-04-01,2.55
262,Agassi,101736,2000-07-31,2.55
263,Courier,101793,1992-08-17,2.55
264,Hewitt,103720,2002-06-24,2.55
265,Sampras,101948,1993-11-22,2.55
266,Agassi,101736,1996-02-05,2.55
267,Edberg,101222,1991-11-25,2.56
268,Sampras,101948,1996-05-13,2.56
269,Safin,103498,2001-01-29,2.56
270,Safin,103498,2001-04-02,2.56
271,Safin,103498,2001-04-09,2.56
272,Hewitt,103720,2003-06-09,2.56
273,Kuerten,102856,2001-07-30,2.56
274,Muster,101404,1996-02-12,2.57
275,Courier,101793,1992-08-31,2.57
276,Courier,101793,1993-03-08,2.57
277,Hewitt,103720,2002-03-04,2.57
278,Safin,103498,2001-02-12,2.57
279,Sampras,101948,1996-05-27,2.57
280,Agassi,101736,1995-04-10,2.57
281,Safin,103498,2001-04-16,2.57
282,Agassi,101736,1996-01-29,2.57
283,Edberg,101222,1991-11-18,2.57
284,Sampras,101948,1996-05-20,2.57
285,Sampras,101948,1996-10-07,2.57
286,Muster,101404,1996-03-11,2.58
287,Sampras,101948,1996-09-30,2.58
288,Ferrero,103507,2003-09-08,2.58
289,Sampras,101948,1997-06-16,2.58
290,Ferrero,103507,2003-09-22,2.58
291,Sampras,101948,1996-10-14,2.58
292,Hewitt,103720,2001-11-19,2.58
293,Safin,103498,2001-02-19,2.58
294,Kuerten,102856,2001-08-06,2.58
295,Hewitt,103720,2001-12-10,2.59
296,Hewitt,103720,2001-12-03,2.59
297,Sampras,101948,1997-06-23,2.59
298,Hewitt,103720,2002-01-07,2.59
299,Courier,101793,1992-03-09,2.59
300,Hewitt,103720,2001-12-24,2.59
301,Hewitt,103720,2001-12-17,2.59
302,Hewitt,103720,2001-12-31,2.59
303,Courier,101793,1992-05-04,2.60
304,Hewitt,103720,2002-10-21,2.60
305,Hewitt,103720,2001-11-26,2.60
306,Sampras,101948,1996-05-06,2.60
307,Ferrero,103507,2003-09-15,2.60
308,Courier,101793,1992-08-24,2.60
309,Courier,101793,1992-05-11,2.60
310,Hewitt,103720,2002-10-28,2.61
311,Courier,101793,1992-04-27,2.61
312,Courier,101793,1992-04-20,2.61
313,Kuerten,102856,2001-02-26,2.61
314,Sampras,101948,1996-04-29,2.61
315,Agassi,101736,2000-07-24,2.62
316,Hewitt,103720,2003-06-02,2.62
317,Sampras,101948,1996-10-28,2.62
318,Hewitt,103720,2003-05-19,2.62
319,Hewitt,103720,2003-05-26,2.62
320,Sampras,101948,1996-02-19,2.62
321,Sampras,101948,1995-04-03,2.62
322,Sampras,101948,1996-12-23,2.62
323,Sampras,101948,1996-12-30,2.62
324,Sampras,101948,1997-01-20,2.63
325,Courier,101793,1992-08-10,2.63
326,Agassi,101736,2000-07-17,2.63
327,Hewitt,103720,2002-06-17,2.63
328,Hewitt,103720,2002-06-10,2.63
329,Sampras,101948,1996-04-22,2.63
330,Sampras,101948,1997-01-13,2.64
331,Sampras,101948,1997-01-06,2.64
332,Roddick,104053,2003-11-10,2.64
333,Hewitt,103720,2003-05-12,2.64
334,Roddick,104053,2003-11-03,2.64
335,Sampras,101948,1996-12-09,2.64
336,Sampras,101948,1996-12-16,2.64
337,Sampras,101948,1994-11-14,2.64
338,Sampras,101948,1993-08-09,2.65
339,Sampras,101948,1996-12-02,2.65
340,Kuerten,102856,2001-03-12,2.65
341,Edberg,101222,1992-01-27,2.65
342,Sampras,101948,1997-06-30,2.65
343,Sampras,101948,1996-11-25,2.65
344,Kuerten,102856,2001-03-05,2.66
345,Lendl,100656,1990-07-30,2.66
346,Sampras,101948,1995-03-27,2.66
347,Courier,101793,1992-07-27,2.67
348,Agassi,101736,2000-07-10,2.67
349,Agassi,101736,1995-04-17,2.67
350,Agassi,101736,1995-04-24,2.68
351,Hewitt,103720,2002-05-27,2.68
352,Sampras,101948,1993-08-02,2.68
353,Hewitt,103720,2002-06-03,2.68
354,Lendl,100656,1990-08-06,2.68
355,Kuerten,102856,2001-03-19,2.68
356,Lendl,100656,1990-07-23,2.68
357,Agassi,101736,1995-05-01,2.68
358,Hewitt,103720,2002-04-15,2.68
359,Kuerten,102856,2001-03-26,2.68
360,Agassi,101736,2000-01-10,2.69
361,Hewitt,103720,2002-04-01,2.69
362,Kuerten,102856,2001-09-03,2.69
363,Sampras,101948,1993-07-12,2.69
364,Sampras,101948,1995-01-30,2.69
365,Kuerten,102856,2001-08-27,2.69
366,Hewitt,103720,2002-05-20,2.69
367,Kuerten,102856,2001-08-20,2.69
368,Kuerten,102856,2001-10-29,2.69
369,Hewitt,103720,2002-04-08,2.69
370,Courier,101793,1992-08-03,2.69
371,Hewitt,103720,2002-04-22,2.69
372,Sampras,101948,1993-07-05,2.69
373,Edberg,101222,1991-11-11,2.69
374,Edberg,101222,1990-08-20,2.69
375,Agassi,101736,1999-12-13,2.70
376,Lendl,100656,1990-06-11,2.70
377,Hewitt,103720,2002-03-18,2.70
378,Courier,101793,1992-02-10,2.70
379,Agassi,101736,2000-01-24,2.70
380,Hewitt,103720,2002-03-25,2.70
381,Sampras,101948,1996-06-24,2.70
382,Agassi,101736,2000-01-17,2.70
383,Edberg,101222,1991-11-04,2.70
384,Agassi,101736,1999-12-06,2.70
385,Sampras,101948,1996-06-17,2.70
386,Sampras,101948,1993-07-19,2.71
387,Kuerten,102856,2001-10-22,2.71
388,Sampras,101948,1994-10-24,2.71
389,Sampras,101948,1993-07-26,2.71
390,Agassi,101736,2000-07-03,2.72
391,Roddick,104053,2003-12-22,2.72
392,Roddick,104053,2004-01-05,2.72
393,Agassi,101736,2000-06-26,2.72
394,Agassi,101736,1995-05-29,2.72
395,Roddick,104053,2004-01-26,2.72
396,Roddick,104053,2003-12-15,2.72
397,Agassi,101736,1999-11-29,2.72
398,Sampras,101948,1995-03-13,2.72
399,Agassi,101736,2003-05-05,2.72
400,Ferrero,103507,2003-10-27,2.72
401,Agassi,101736,2003-04-28,2.72
402,Sampras,101948,1995-02-06,2.72
403,Roddick,104053,2003-12-29,2.72
404,Roddick,104053,2004-01-19,2.72
405,Courier,101793,1992-07-06,2.73
406,Hewitt,103720,2002-10-07,2.73
407,Hewitt,103720,2003-04-21,2.73
408,Edberg,101222,1990-09-17,2.73
409,Lendl,100656,1990-06-25,2.73
410,Hewitt,103720,2003-03-31,2.73
411,Courier,101793,1992-07-20,2.73
412,Roddick,104053,2003-12-01,2.73
413,Roddick,104053,2003-12-08,2.73
414,Roddick,104053,2003-11-24,2.73
415,Courier,101793,1992-07-13,2.73
416,Roddick,104053,2003-11-17,2.73
417,Edberg,101222,1990-10-01,2.73
418,Hewitt,103720,2002-05-13,2.74
419,Ferrero,103507,2003-10-20,2.74
420,Agassi,101736,1995-05-22,2.74
421,Hewitt,103720,2002-10-14,2.74
422,Hewitt,103720,2003-04-14,2.74
423,Becker,101414,1991-08-05,2.74
424,Edberg,101222,1990-09-24,2.74
425,Roddick,104053,2004-01-12,2.74
426,Sampras,101948,1995-02-13,2.74
427,Hewitt,103720,2003-04-07,2.74
428,Kuerten,102856,2001-08-13,2.75
429,Lendl,100656,1990-07-16,2.75
430,Courier,101793,1992-06-22,2.75
431,Lendl,100656,1990-05-21,2.75
432,Sampras,101948,1995-12-04,2.75
433,Lendl,100656,1990-05-28,2.75
434,Hewitt,103720,2002-04-29,2.76
435,Lendl,100656,1990-06-18,2.76
436,Becker,101414,1991-07-29,2.76
437,Hewitt,103720,2002-05-06,2.76
438,Sampras,101948,1996-06-10,2.76
439,Lendl,100656,1990-07-09,2.76
440,Edberg,101222,1990-09-10,2.76
441,Agassi,101736,1995-06-26,2.76
442,Sampras,101948,1995-02-27,2.76
443,Hewitt,103720,2003-03-03,2.76
444,Kuerten,102856,2001-10-08,2.76
445,Courier,101793,1992-06-15,2.76
446,Hewitt,103720,2003-01-06,2.77
447,Courier,101793,1992-05-18,2.77
448,Becker,101414,1991-07-22,2.77
449,Hewitt,103720,2002-11-18,2.77
450,Sampras,101948,1996-03-04,2.77
451,Sampras,101948,1995-11-27,2.77
452,Hewitt,103720,2002-12-16,2.77
453,Hewitt,103720,2003-01-13,2.77
454,Hewitt,103720,2003-01-20,2.77
455,Hewitt,103720,2002-12-30,2.77
456,Agassi,101736,2000-06-19,2.77
457,Kuerten,102856,2001-10-15,2.77
458,Sampras,101948,1994-10-31,2.77
459,Lendl,100656,1990-05-14,2.77
460,Courier,101793,1992-06-08,2.77
461,Sampras,101948,1994-11-07,2.77
462,Sampras,101948,1996-02-26,2.77
463,Hewitt,103720,2002-12-23,2.77
464,Hewitt,103720,2002-11-25,2.77
465,Hewitt,103720,2002-12-02,2.77
466,Kuerten,102856,2001-09-24,2.77
467,Agassi,101736,2000-06-12,2.78
468,Agassi,101736,1995-05-08,2.78
469,Sampras,101948,1994-02-14,2.78
470,Sampras,101948,1994-09-19,2.78
471,Sampras,101948,1995-11-13,2.78
472,Courier,101793,1992-05-25,2.78
473,Kuerten,102856,2001-05-07,2.78
474,Sampras,101948,1997-05-26,2.78
475,Sampras,101948,1995-02-20,2.78
476,Sampras,101948,1995-11-20,2.78
477,Kuerten,102856,2001-10-01,2.78
478,Agassi,101736,1995-05-15,2.78
479,Kuerten,102856,2001-04-30,2.78
480,Becker,101414,1991-07-15,2.78
481,Hewitt,103720,2002-12-09,2.78
482,Edberg,101222,1991-09-30,2.79
483,Sampras,101948,1994-02-21,2.79
484,Sampras,101948,1997-05-19,2.79
485,Sampras,101948,1994-10-03,2.79
486,Sampras,101948,1994-01-31,2.79
487,Sampras,101948,1997-05-05,2.79
488,Becker,101414,1991-07-08,2.79
489,Kuerten,102856,2001-04-23,2.79
490,Agassi,101736,1999-12-20,2.79
491,Sampras,101948,1997-05-12,2.79
492,Sampras,101948,1994-02-07,2.79
493,Edberg,101222,1990-10-08,2.79
494,Sampras,101948,1997-06-02,2.79
495,Kuerten,102856,2001-05-14,2.79
496,Edberg,101222,1990-08-27,2.79
497,Agassi,101736,1999-12-27,2.79
498,Sampras,101948,1994-09-26,2.80
499,Sampras,101948,1995-12-18,2.80
500,Sampras,101948,1994-02-28,2.80
501,Sampras,101948,1996-01-15,2.80
502,Sampras,101948,1997-04-21,2.80
503,Sampras,101948,1994-09-12,2.80
504,Edberg,101222,1990-10-22,2.80
505,Edberg,101222,1991-09-23,2.80
506,Sampras,101948,1994-10-17,2.80
507,Sampras,101948,1996-01-08,2.80
508,Sampras,101948,1994-10-10,2.80
509,Kuerten,102856,2001-09-17,2.81
510,Courier,101793,1992-03-02,2.81
511,Edberg,101222,1991-09-16,2.81
512,Sampras,101948,1997-04-28,2.81
513,Agassi,101736,1995-06-19,2.81
514,Becker,101414,1991-08-26,2.81
515,Becker,101414,1991-08-19,2.81
516,Hewitt,103720,2002-09-16,2.82
517,Hewitt,103720,2002-09-09,2.82
518,Courier,101793,1992-02-17,2.82
519,Sampras,101948,1995-01-16,2.82
520,Kuerten,102856,2001-09-10,2.82
521,Edberg,101222,1991-10-07,2.83
522,Hewitt,103720,2002-09-23,2.83
523,Courier,101793,1992-02-24,2.83
524,Edberg,101222,1991-09-09,2.83
525,Agassi,101736,1995-06-12,2.83
526,Edberg,101222,1990-08-13,2.84
527,Hewitt,103720,2002-09-30,2.84
528,Hewitt,103720,2003-03-17,2.85
529,Hewitt,103720,2003-03-24,2.85
530,Edberg,101222,1990-10-15,2.85
531,Hewitt,103720,2003-03-10,2.85
532,Sampras,101948,1997-08-04,2.85
533,Becker,101414,1991-08-12,2.85
534,Hewitt,103720,2003-02-03,2.86
535,Hewitt,103720,2003-02-24,2.86
536,Hewitt,103720,2003-01-27,2.86
537,Hewitt,103720,2003-02-10,2.86
538,Hewitt,103720,2003-02-17,2.86
539,Sampras,101948,1997-07-28,2.88
540,Agassi,101736,1995-07-17,2.89
541,Edberg,101222,1991-10-28,2.90
542,Sampras,101948,1994-12-19,2.90
543,Sampras,101948,1995-01-09,2.90
544,Sampras,101948,1997-08-18,2.91
545,Sampras,101948,1994-11-28,2.91
546,Sampras,101948,1994-11-21,2.91
547,Edberg,101222,1991-10-21,2.92
548,Edberg,101222,1991-10-14,2.92
549,Sampras,101948,1994-12-12,2.92
550,Edberg,101222,1990-10-29,2.93
551,Sampras,101948,1997-07-21,2.93
552,Agassi,101736,1995-07-10,2.93
553,Lendl,100656,1990-05-07,2.94
554,Sampras,101948,1997-07-14,2.94
555,Sampras,101948,1997-08-25,2.95
556,Edberg,101222,1991-06-17,2.96
557,Sampras,101948,1997-07-07,2.96
558,Edberg,101222,1991-06-24,2.97
559,Agassi,101736,1995-08-07,2.97
560,Sampras,101948,1997-04-14,2.97
561,Sampras,101948,1997-02-24,2.98
562,Edberg,101222,1990-11-12,2.98
563,Agassi,101736,1995-07-31,2.98
564,Edberg,101222,1991-06-10,2.98
565,Sampras,101948,1994-03-07,2.99
566,Agassi,101736,1995-07-24,2.99
567,Edberg,101222,1991-05-27,2.99
568,Edberg,101222,1991-05-13,2.99
569,Edberg,101222,1991-05-20,3.00
570,Sampras,101948,1994-03-28,3.00
571,Edberg,101222,1991-04-01,3.01
572,Edberg,101222,1991-05-06,3.01
573,Federer,103819,2004-03-01,3.01
574,Sampras,101948,1994-03-21,3.02
575,Edberg,101222,1991-04-08,3.02
576,Edberg,101222,1991-04-29,3.02
577,Edberg,101222,1991-03-25,3.03
578,Edberg,101222,1991-04-15,3.04
579,Edberg,101222,1991-04-22,3.04
580,Sampras,101948,1994-05-09,3.04
581,Edberg,101222,1990-11-05,3.05
582,Hewitt,103720,2002-08-05,3.05
583,Sampras,101948,1994-05-02,3.06
584,Sampras,101948,1994-04-04,3.06
585,Agassi,101736,1995-10-30,3.06
586,Federer,103819,2004-05-10,3.06
587,Hewitt,103720,2002-07-08,3.06
588,Hewitt,103720,2002-07-29,3.06
589,Sampras,101948,1994-04-25,3.07
590,Edberg,101222,1991-03-11,3.07
591,Hewitt,103720,2002-07-15,3.07
592,Sampras,101948,1997-08-11,3.07
593,Sampras,101948,1994-04-18,3.07
594,Edberg,101222,1991-02-18,3.07
595,Hewitt,103720,2002-07-22,3.07
596,Agassi,101736,1995-10-23,3.08
597,Sampras,101948,1997-04-07,3.08
598,Lendl,100656,1990-04-30,3.08
599,Sampras,101948,1997-03-03,3.08
600,Sampras,101948,1997-03-31,3.09
601,Sampras,101948,1997-03-17,3.09
602,Lendl,100656,1990-04-23,3.09
603,Sampras,101948,1997-03-10,3.09
604,Sampras,101948,1997-03-24,3.09
605,Sampras,101948,1994-04-11,3.10
606,Sampras,101948,1997-09-01,3.10
607,Agassi,101736,1995-09-25,3.11
608,Sampras,101948,1994-08-29,3.11
609,Agassi,101736,2000-03-27,3.12
610,Federer,103819,2004-02-16,3.12
611,Sampras,101948,1994-08-22,3.12
612,Agassi,101736,1995-09-11,3.12
613,Agassi,101736,1995-10-02,3.12
614,Agassi,101736,1995-09-18,3.12
615,Sampras,101948,1994-06-13,3.12
616,Agassi,101736,2000-03-20,3.12
617,Becker,101414,1991-02-11,3.13
618,Federer,103819,2004-03-15,3.13
619,Sampras,101948,1994-06-20,3.13
620,Sampras,101948,1997-02-17,3.13
621,Federer,103819,2004-02-23,3.13
622,Sampras,101948,1997-02-10,3.13
623,Agassi,101736,1995-10-09,3.13
624,Agassi,101736,1995-10-16,3.13
625,Hewitt,103720,2002-08-12,3.13
626,Sampras,101948,1995-11-06,3.13
627,Federer,103819,2004-03-08,3.13
628,Edberg,101222,1991-01-07,3.14
629,Sampras,101948,1994-08-08,3.14
630,Sampras,101948,1994-08-15,3.14
631,Edberg,101222,1991-01-14,3.14
632,Hewitt,103720,2002-08-19,3.14
633,Lendl,100656,1990-04-16,3.14
634,Sampras,101948,1997-02-03,3.14
635,Edberg,101222,1990-11-19,3.14
636,Sampras,101948,1994-06-06,3.14
637,Sampras,101948,1997-01-27,3.14
638,Edberg,101222,1990-12-03,3.15
639,Sampras,101948,1994-08-01,3.15
640,Hewitt,103720,2002-08-26,3.15
641,Edberg,101222,1990-12-24,3.15
642,Hewitt,103720,2002-09-02,3.15
643,Sampras,101948,1994-07-11,3.16
644,Federer,103819,2004-02-09,3.16
645,Edberg,101222,1990-12-10,3.16
646,Agassi,101736,2000-03-06,3.16
647,Agassi,101736,1995-08-14,3.16
648,Federer,103819,2004-02-02,3.16
649,Edberg,101222,1990-11-26,3.16
650,Agassi,101736,2000-05-29,3.17
651,Agassi,101736,2000-06-05,3.17
652,Sampras,101948,1994-07-18,3.17
653,Becker,101414,1991-01-28,3.17
654,Sampras,101948,1994-07-25,3.18
655,Lendl,100656,1990-04-09,3.18
656,Sampras,101948,1994-07-04,3.18
657,Agassi,101736,2000-03-13,3.19
658,Sampras,101948,1994-05-23,3.19
659,Sampras,101948,1994-05-16,3.19
660,Edberg,101222,1991-03-04,3.19
661,Agassi,101736,2000-05-22,3.20
662,Edberg,101222,1991-02-25,3.21
663,Agassi,101736,2000-04-10,3.23
664,Lendl,100656,1990-01-15,3.23
665,Agassi,101736,2000-02-28,3.24
666,Agassi,101736,2000-01-31,3.24
667,Lendl,100656,1990-01-08,3.25
668,Agassi,101736,2000-02-21,3.25
669,Agassi,101736,2000-04-24,3.25
670,Federer,103819,2004-05-03,3.25
671,Lendl,100656,1990-01-01,3.26
672,Agassi,101736,2000-04-17,3.26
673,Agassi,101736,2000-05-01,3.26
674,Agassi,101736,2000-02-14,3.27
675,Agassi,101736,2000-02-07,3.27
676,Agassi,101736,2000-05-15,3.27
677,Agassi,101736,1995-08-21,3.28
678,Agassi,101736,2000-05-08,3.28
679,Agassi,101736,2000-04-03,3.28
680,Federer,103819,2004-05-24,3.29
681,Federer,103819,2004-05-31,3.29
682,Agassi,101736,1995-08-28,3.29
683,Lendl,100656,1990-01-29,3.30
684,Federer,103819,2004-05-17,3.31
685,Federer,103819,2004-04-05,3.31
686,Federer,103819,2004-04-26,3.33
687,Federer,103819,2004-11-15,3.33
688,Federer,103819,2004-11-08,3.33
689,Federer,103819,2004-06-14,3.34
690,Federer,103819,2004-04-12,3.34
691,Federer,103819,2004-06-07,3.34
692,Federer,103819,2004-07-05,3.35
693,Federer,103819,2004-06-28,3.35
694,Federer,103819,2004-06-21,3.35
695,Lendl,100656,1990-03-26,3.36
696,Federer,103819,2004-07-19,3.38
697,Federer,103819,2004-04-19,3.38
698,Federer,103819,2004-03-29,3.38
699,Lendl,100656,1990-02-12,3.38
700,Federer,103819,2004-03-22,3.38
701,Federer,103819,2004-07-12,3.38
702,Federer,103819,2004-07-26,3.38
703,Federer,103819,2005-02-14,3.39
704,Federer,103819,2005-02-07,3.40
705,Lendl,100656,1990-03-12,3.42
706,Federer,103819,2005-02-21,3.43
707,Federer,103819,2005-01-31,3.43
708,Federer,103819,2005-03-14,3.45
709,Federer,103819,2005-03-07,3.45
710,Federer,103819,2005-03-21,3.46
711,Federer,103819,2005-03-28,3.46
712,Federer,103819,2004-09-06,3.47
713,Federer,103819,2005-02-28,3.47
714,Federer,103819,2004-08-30,3.48
715,Federer,103819,2008-08-11,3.50
716,Federer,103819,2004-08-23,3.50
717,Federer,103819,2008-03-17,3.51
718,Federer,103819,2008-03-10,3.51
719,Federer,103819,2004-08-09,3.51
720,Lendl,100656,1990-02-19,3.54
721,Federer,103819,2004-08-16,3.54
722,Lendl,100656,1990-03-05,3.54
723,Federer,103819,2008-03-03,3.57
724,Lendl,100656,1990-02-26,3.58
725,Federer,103819,2008-07-21,3.61
726,Federer,103819,2005-11-14,3.61
727,Federer,103819,2005-11-07,3.62
728,Nadal,104745,2008-11-17,3.62
729,Federer,103819,2008-07-28,3.63
730,Nadal,104745,2009-01-26,3.63
731,Nadal,104745,2009-01-19,3.63
732,Nadal,104745,2008-12-01,3.63
733,Nadal,104745,2008-12-15,3.64
734,Nadal,104745,2008-11-24,3.64
735,Federer,103819,2004-08-02,3.64
736,Nadal,104745,2008-12-08,3.64
737,Nadal,104745,2009-01-12,3.64
738,Federer,103819,2008-03-24,3.64
739,Nadal,104745,2009-01-05,3.64
740,Federer,103819,2008-04-21,3.64
741,Nadal,104745,2008-12-29,3.64
742,Federer,103819,2008-07-14,3.64
743,Nadal,104745,2008-12-22,3.64
744,Federer,103819,2004-12-20,3.65
745,Federer,103819,2004-12-27,3.65
746,Nadal,104745,2008-11-03,3.65
747,Federer,103819,2008-03-31,3.65
748,Federer,103819,2005-01-03,3.65
749,Nadal,104745,2008-11-10,3.65
750,Federer,103819,2004-12-06,3.66
751,Federer,103819,2004-12-13,3.66
752,Federer,103819,2005-04-18,3.67
753,Federer,103819,2008-07-07,3.67
754,Nadal,104745,2008-09-01,3.67
755,Nadal,104745,2008-08-25,3.67
756,Federer,103819,2008-08-04,3.68
757,Nadal,104745,2008-08-18,3.68
758,Federer,103819,2004-11-29,3.68
759,Federer,103819,2005-04-11,3.69
760,Federer,103819,2008-04-07,3.70
761,Federer,103819,2004-11-22,3.71
762,Federer,103819,2008-06-09,3.71
763,Federer,103819,2008-01-28,3.72
764,Federer,103819,2008-05-26,3.72
765,Federer,103819,2008-06-02,3.72
766,Nadal,104745,2010-06-21,3.73
767,Federer,103819,2008-02-18,3.73
768,Federer,103819,2005-04-04,3.73
769,Nadal,104745,2010-06-07,3.73
770,Federer,103819,2008-02-04,3.73
771,Federer,103819,2007-11-12,3.73
772,Federer,103819,2007-11-05,3.74
773,Federer,103819,2008-02-25,3.74
774,Nadal,104745,2010-06-14,3.74
775,Federer,103819,2008-04-14,3.74
776,Federer,103819,2005-08-15,3.74
777,Federer,103819,2008-05-19,3.74
778,Federer,103819,2005-08-01,3.75
779,Federer,103819,2005-05-09,3.75
780,Federer,103819,2008-02-11,3.75
781,Federer,103819,2005-04-25,3.76
782,Federer,103819,2009-07-06,3.76
783,Federer,103819,2005-05-16,3.76
784,Federer,103819,2005-08-08,3.76
785,Federer,103819,2005-05-23,3.77
786,Federer,103819,2005-01-10,3.77
787,Federer,103819,2005-05-30,3.77
788,Federer,103819,2005-01-24,3.77
789,Federer,103819,2005-01-17,3.77
790,Federer,103819,2005-05-02,3.77
791,Federer,103819,2004-11-01,3.80
792,Nadal,104745,2008-10-13,3.80
793,Federer,103819,2008-05-05,3.81
794,Nadal,104745,2008-09-29,3.81
795,Nadal,104745,2008-10-06,3.81
796,Federer,103819,2008-04-28,3.82
797,Nadal,104745,2008-09-22,3.83
798,Federer,103819,2008-06-23,3.84
799,Federer,103819,2008-05-12,3.84
800,Nadal,104745,2008-09-15,3.84
801,Federer,103819,2008-06-16,3.84
802,Nadal,104745,2008-09-08,3.84
803,Federer,103819,2008-06-30,3.84
804,Nadal,104745,2008-10-20,3.85
805,Nadal,104745,2008-10-27,3.85
806,Federer,103819,2009-07-13,3.85
807,Federer,103819,2005-11-21,3.86
808,Federer,103819,2004-10-25,3.86
809,Federer,103819,2005-11-28,3.86
810,Federer,103819,2004-10-18,3.86
811,Federer,103819,2005-12-12,3.89
812,Federer,103819,2005-12-05,3.89
813,Federer,103819,2005-12-19,3.90
814,Federer,103819,2006-01-16,3.91
815,Federer,103819,2006-01-23,3.91
816,Federer,103819,2006-01-09,3.92
817,Federer,103819,2006-01-02,3.92
818,Federer,103819,2005-12-26,3.92
819,Federer,103819,2009-07-20,3.94
820,Federer,103819,2005-06-27,3.96
821,Federer,103819,2005-06-20,3.96
822,Federer,103819,2005-06-13,3.96
823,Federer,103819,2005-06-06,3.96
824,Federer,103819,2007-05-14,3.97
825,Federer,103819,2006-04-17,3.97
826,Federer,103819,2005-07-04,3.97
827,Federer,103819,2005-07-11,3.97
828,Federer,103819,2006-10-02,3.98
829,Federer,103819,2006-05-29,3.98
830,Federer,103819,2006-06-05,3.98
831,Federer,103819,2006-02-27,3.98
832,Federer,103819,2009-07-27,3.99
833,Federer,103819,2004-10-11,4.00
834,Federer,103819,2006-04-03,4.00
835,Federer,103819,2009-08-03,4.01
836,Federer,103819,2005-09-12,4.01
837,Nadal,104745,2009-02-09,4.01
838,Federer,103819,2006-03-27,4.01
839,Federer,103819,2006-03-20,4.01
840,Federer,103819,2004-09-20,4.01
841,Federer,103819,2005-10-31,4.01
842,Federer,103819,2005-08-29,4.01
843,Federer,103819,2005-09-26,4.02
844,Federer,103819,2008-01-14,4.02
845,Federer,103819,2005-07-18,4.02
846,Federer,103819,2006-04-10,4.02
847,Federer,103819,2005-08-22,4.02
848,Federer,103819,2007-12-10,4.02
849,Federer,103819,2008-01-07,4.02
850,Federer,103819,2007-12-17,4.02
851,Federer,103819,2006-05-22,4.02
852,Federer,103819,2008-01-21,4.02
853,Federer,103819,2007-12-24,4.02
854,Federer,103819,2007-12-31,4.02
855,Federer,103819,2005-09-19,4.02
856,Federer,103819,2005-10-10,4.03
857,Federer,103819,2005-10-03,4.03
858,Federer,103819,2005-10-17,4.03
859,Federer,103819,2005-10-24,4.03
860,Federer,103819,2006-03-13,4.03
861,Nadal,104745,2009-02-02,4.03
862,Federer,103819,2009-08-10,4.03
863,Federer,103819,2006-03-06,4.03
864,Federer,103819,2004-09-13,4.03
865,Federer,103819,2007-11-26,4.04
866,Federer,103819,2007-12-03,4.04
867,Federer,103819,2005-09-05,4.04
868,Federer,103819,2007-08-13,4.04
869,Federer,103819,2005-07-25,4.04
870,Federer,103819,2006-05-15,4.04
871,Federer,103819,2004-09-27,4.04
872,Federer,103819,2006-06-12,4.05
873,Federer,103819,2007-11-19,4.06
874,Federer,103819,2009-08-17,4.07
875,Federer,103819,2006-08-07,4.08
876,Federer,103819,2006-07-31,4.08
877,Federer,103819,2006-07-24,4.08
878,Federer,103819,2007-10-29,4.08
879,Federer,103819,2007-10-22,4.08
880,Federer,103819,2007-04-02,4.08
881,Federer,103819,2006-09-11,4.09
882,Federer,103819,2006-08-21,4.09
883,Federer,103819,2006-09-18,4.09
884,Federer,103819,2006-09-25,4.09
885,Federer,103819,2007-04-09,4.09
886,Federer,103819,2007-04-16,4.09
887,Federer,103819,2007-07-09,4.10
888,Djokovic,104925,2014-11-10,4.10
889,Federer,103819,2007-04-23,4.10
890,Federer,103819,2006-09-04,4.11
891,Federer,103819,2007-07-16,4.11
892,Nadal,104745,2009-02-16,4.11
893,Djokovic,104925,2014-11-03,4.11
894,Federer,103819,2006-07-03,4.11
895,Federer,103819,2007-06-25,4.11
896,Federer,103819,2007-06-18,4.11
897,Federer,103819,2007-07-02,4.11
898,Federer,103819,2006-08-28,4.11
899,Federer,103819,2006-07-17,4.11
900,Federer,103819,2006-06-26,4.11
901,Federer,103819,2006-10-16,4.12
902,Nadal,104745,2009-06-15,4.12
903,Federer,103819,2007-08-06,4.12
904,Federer,103819,2006-10-09,4.12
905,Federer,103819,2007-07-23,4.12
906,Federer,103819,2007-04-30,4.12
907,Federer,103819,2004-10-04,4.13
908,Federer,103819,2007-07-30,4.13
909,Federer,103819,2007-05-07,4.13
910,Nadal,104745,2009-03-02,4.13
911,Federer,103819,2006-05-01,4.13
912,Federer,103819,2006-05-08,4.13
913,Nadal,104745,2009-02-23,4.14
914,Federer,103819,2006-02-20,4.15
915,Federer,103819,2006-04-24,4.15
916,Nadal,104745,2009-06-22,4.16
917,Federer,103819,2007-10-08,4.16
918,Federer,103819,2006-07-10,4.16
919,Federer,103819,2007-10-15,4.16
920,Nadal,104745,2009-06-29,4.16
921,Federer,103819,2006-06-19,4.17
922,Nadal,104745,2009-03-16,4.18
923,Nadal,104745,2009-03-09,4.18
924,Nadal,104745,2009-06-08,4.21
925,Federer,103819,2007-06-04,4.24
926,Federer,103819,2006-01-30,4.24
927,Federer,103819,2007-05-28,4.24
928,Federer,103819,2009-11-02,4.25
929,Federer,103819,2006-02-06,4.25
930,Federer,103819,2007-06-11,4.25
931,Federer,103819,2007-05-21,4.25
932,Nadal,104745,2009-04-13,4.26
933,Federer,103819,2009-10-26,4.28
934,Federer,103819,2006-02-13,4.28
935,Nadal,104745,2009-04-06,4.28
936,Federer,103819,2010-05-17,4.29
937,Federer,103819,2007-09-17,4.29
938,Federer,103819,2007-09-10,4.30
939,Federer,103819,2006-11-13,4.30
940,Federer,103819,2007-10-01,4.30
941,Federer,103819,2007-09-24,4.30
942,Federer,103819,2010-05-24,4.30
943,Federer,103819,2007-09-03,4.31
944,Federer,103819,2007-08-20,4.31
945,Federer,103819,2006-11-06,4.31
946,Federer,103819,2007-08-27,4.31
947,Federer,103819,2007-03-26,4.32
948,Federer,103819,2007-03-19,4.32
949,Federer,103819,2009-11-16,4.32
950,Federer,103819,2009-09-14,4.33
951,Federer,103819,2009-11-23,4.34
952,Federer,103819,2006-08-14,4.35
953,Federer,103819,2009-11-09,4.35
954,Federer,103819,2009-09-21,4.37
955,Nadal,104745,2009-03-23,4.40
956,Nadal,104745,2009-03-30,4.40
957,Federer,103819,2010-05-03,4.41
958,Federer,103819,2006-10-23,4.41
959,Federer,103819,2009-10-19,4.41
960,Federer,103819,2009-08-31,4.42
961,Federer,103819,2009-09-07,4.42
962,Murray,104918,2016-11-14,4.42
963,Murray,104918,2016-11-07,4.43
964,Federer,103819,2009-09-28,4.43
965,Federer,103819,2010-05-10,4.45
966,Federer,103819,2009-08-24,4.45
967,Federer,103819,2009-11-30,4.46
968,Federer,103819,2009-12-14,4.47
969,Federer,103819,2010-01-18,4.47
970,Federer,103819,2009-12-07,4.47
971,Nadal,104745,2009-04-27,4.47
972,Federer,103819,2010-01-11,4.47
973,Federer,103819,2009-12-21,4.47
974,Federer,103819,2009-12-28,4.48
975,Federer,103819,2009-10-05,4.48
976,Federer,103819,2010-01-04,4.48
977,Djokovic,104925,2013-09-09,4.51
978,Djokovic,104925,2013-08-26,4.53
979,Federer,103819,2007-01-29,4.53
980,Djokovic,104925,2013-08-19,4.53
981,Federer,103819,2007-02-12,4.53
982,Federer,103819,2007-02-26,4.53
983,Federer,103819,2007-01-08,4.54
984,Federer,103819,2007-01-22,4.54
985,Federer,103819,2007-02-19,4.54
986,Federer,103819,2007-01-15,4.54
987,Federer,103819,2012-07-30,4.55
988,Federer,103819,2007-02-05,4.55
989,Federer,103819,2009-10-12,4.55
990,Federer,103819,2010-04-26,4.55
991,Federer,103819,2006-10-30,4.55
992,Djokovic,104925,2013-09-23,4.56
993,Federer,103819,2012-07-23,4.56
994,Djokovic,104925,2014-12-22,4.56
995,Djokovic,104925,2014-12-29,4.56
996,Nadal,104745,2010-08-09,4.56
997,Federer,103819,2010-04-19,4.56
998,Djokovic,104925,2013-09-30,4.56
999,Djokovic,104925,2014-12-01,4.57
1000,Djokovic,104925,2015-01-19,4.57
1001,Djokovic,104925,2014-12-08,4.57
1002,Nadal,104745,2013-10-07,4.57
1003,Djokovic,104925,2014-11-24,4.57
1004,Nadal,104745,2010-08-02,4.57
1005,Nadal,104745,2010-08-30,4.57
1006,Djokovic,104925,2014-12-15,4.57
1007,Nadal,104745,2009-04-20,4.58
1008,Nadal,104745,2010-07-19,4.58
1009,Djokovic,104925,2013-09-16,4.58
1010,Nadal,104745,2010-07-12,4.58
1011,Nadal,104745,2010-08-23,4.58
1012,Nadal,104745,2010-07-26,4.58
1013,Federer,103819,2012-07-16,4.59
1014,Federer,103819,2007-03-12,4.59
1015,Nadal,104745,2010-07-05,4.59
1016,Federer,103819,2007-03-05,4.59
1017,Federer,103819,2010-04-05,4.60
1018,Djokovic,104925,2015-01-05,4.61
1019,Federer,103819,2012-07-09,4.61
1020,Federer,103819,2010-04-12,4.61
1021,Djokovic,104925,2015-01-12,4.61
1022,Djokovic,104925,2014-10-13,4.62
1023,Djokovic,104925,2014-10-20,4.63
1024,Federer,103819,2012-08-13,4.63
1025,Djokovic,104925,2014-10-27,4.64
1026,Nadal,104745,2010-08-16,4.65
1027,Nadal,104745,2009-05-18,4.65
1028,Nadal,104745,2009-05-04,4.65
1029,Djokovic,104925,2014-11-17,4.65
1030,Federer,103819,2012-08-06,4.67
1031,Djokovic,104925,2012-05-14,4.67
1032,Federer,103819,2006-11-20,4.68
1033,Federer,103819,2006-12-18,4.68
1034,Federer,103819,2006-12-11,4.68
1035,Nadal,104745,2009-05-25,4.68
1036,Federer,103819,2007-01-01,4.68
1037,Federer,103819,2006-12-25,4.68
1038,Nadal,104745,2009-06-01,4.68
1039,Federer,103819,2006-11-27,4.69
1040,Federer,103819,2006-12-04,4.69
1041,Nadal,104745,2013-10-21,4.70
1042,Nadal,104745,2013-10-14,4.70
1043,Nadal,104745,2009-05-11,4.71
1044,Federer,103819,2010-03-22,4.72
1045,Djokovic,104925,2013-08-12,4.72
1046,Nadal,104745,2013-10-28,4.75
1047,Djokovic,104925,2012-11-05,4.76
1048,Federer,103819,2010-02-22,4.81
1049,Federer,103819,2010-02-15,4.81
1050,Federer,103819,2010-02-01,4.82
1051,Federer,103819,2010-02-08,4.82
1052,Djokovic,104925,2014-09-15,4.83
1053,Federer,103819,2010-03-08,4.84
1054,Murray,104918,2016-12-26,4.84
1055,Murray,104918,2016-12-05,4.84
1056,Federer,103819,2012-09-17,4.84
1057,Murray,104918,2016-12-19,4.84
1058,Djokovic,104925,2013-06-24,4.84
1059,Federer,103819,2010-03-01,4.84
1060,Murray,104918,2016-11-28,4.84
1061,Murray,104918,2016-12-12,4.84
1062,Federer,103819,2012-10-08,4.85
1063,Federer,103819,2012-09-24,4.85
1064,Federer,103819,2012-09-10,4.85
1065,Djokovic,104925,2012-05-28,4.86
1066,Djokovic,104925,2014-09-22,4.86
1067,Federer,103819,2012-10-01,4.86
1068,Djokovic,104925,2014-09-29,4.86
1069,Djokovic,104925,2014-10-06,4.86
1070,Nadal,104745,2010-11-22,4.87
1071,Djokovic,104925,2013-06-10,4.87
1072,Nadal,104745,2010-11-15,4.87
1073,Djokovic,104925,2014-09-08,4.89
1074,Djokovic,104925,2012-05-21,4.90
1075,Djokovic,104925,2013-06-17,4.91
1076,Murray,104918,2016-11-21,4.94
1077,Nadal,104745,2010-11-08,4.96
1078,Nadal,104745,2011-05-02,4.97
1079,Nadal,104745,2013-11-04,4.97
1080,Djokovic,104925,2013-08-05,4.97
1081,Nadal,104745,2014-06-23,4.98
1082,Federer,103819,2012-08-20,4.98
1083,Federer,103819,2012-10-15,4.99
1084,Nadal,104745,2014-06-16,4.99
1085,Federer,103819,2012-08-27,4.99
1086,Nadal,104745,2010-11-01,5.00
1087,Nadal,104745,2010-10-18,5.00
1088,Nadal,104745,2014-05-26,5.00
1089,Nadal,104745,2010-10-25,5.00
1090,Federer,103819,2012-10-22,5.00
1091,Nadal,104745,2014-05-19,5.00
1092,Nadal,104745,2014-06-09,5.00
1093,Djokovic,104925,2016-10-17,5.02
1094,Federer,103819,2012-10-29,5.02
1095,Djokovic,104925,2016-10-31,5.02
1096,Djokovic,104925,2012-05-07,5.03
1097,Nadal,104745,2011-06-06,5.03
1098,Nadal,104745,2011-05-16,5.03
1099,Nadal,104745,2011-06-13,5.03
1100,Djokovic,104925,2013-07-08,5.04
1101,Nadal,104745,2011-05-23,5.04
1102,Nadal,104745,2011-06-20,5.04
1103,Djokovic,104925,2013-07-15,5.05
1104,Djokovic,104925,2013-07-29,5.05
1105,Djokovic,104925,2016-10-24,5.05
1106,Djokovic,104925,2012-06-25,5.07
1107,Djokovic,104925,2013-07-22,5.07
1108,Nadal,104745,2010-09-27,5.08
1109,Djokovic,104925,2013-05-27,5.09
1110,Djokovic,104925,2014-08-25,5.09
1111,Nadal,104745,2010-10-04,5.09
1112,Djokovic,104925,2014-08-18,5.09
1113,Djokovic,104925,2013-05-20,5.09
1114,Nadal,104745,2010-09-20,5.10
1115,Nadal,104745,2010-09-13,5.11
1116,Djokovic,104925,2012-06-18,5.11
1117,Djokovic,104925,2014-08-11,5.11
1118,Djokovic,104925,2012-06-11,5.12
1119,Nadal,104745,2011-02-14,5.13
1120,Djokovic,104925,2013-04-01,5.13
1121,Nadal,104745,2011-03-07,5.14
1122,Nadal,104745,2014-04-28,5.15
1123,Nadal,104745,2011-02-07,5.15
1124,Nadal,104745,2011-02-28,5.15
1125,Nadal,104745,2011-02-21,5.15
1126,Nadal,104745,2014-05-05,5.15
1127,Nadal,104745,2011-01-31,5.16
1128,Nadal,104745,2014-05-12,5.16
1129,Djokovic,104925,2013-04-15,5.18
1130,Djokovic,104925,2013-04-08,5.18
1131,Nadal,104745,2011-01-17,5.18
1132,Nadal,104745,2011-05-09,5.19
1133,Nadal,104745,2011-01-10,5.19
1134,Nadal,104745,2010-12-13,5.20
1135,Nadal,104745,2010-11-29,5.20
1136,Nadal,104745,2010-12-20,5.20
1137,Djokovic,104925,2014-07-21,5.20
1138,Nadal,104745,2010-12-27,5.20
1139,Nadal,104745,2011-01-03,5.20
1140,Djokovic,104925,2014-07-07,5.21
1141,Djokovic,104925,2014-07-14,5.21
1142,Nadal,104745,2010-12-06,5.21
1143,Nadal,104745,2010-10-11,5.21
1144,Djokovic,104925,2014-07-28,5.22
1145,Djokovic,104925,2014-08-04,5.22
1146,Nadal,104745,2011-03-21,5.23
1147,Djokovic,104925,2015-02-02,5.24
1148,Djokovic,104925,2015-02-23,5.25
1149,Djokovic,104925,2015-02-09,5.25
1150,Djokovic,104925,2015-02-16,5.25
1151,Djokovic,104925,2012-03-19,5.27
1152,Djokovic,104925,2015-03-23,5.27
1153,Djokovic,104925,2012-04-02,5.27
1154,Nadal,104745,2014-03-17,5.27
1155,Nadal,104745,2013-12-30,5.27
1156,Djokovic,104925,2016-10-10,5.27
1157,Nadal,104745,2013-12-16,5.28
1158,Djokovic,104925,2015-03-09,5.28
1159,Nadal,104745,2013-12-09,5.28
1160,Nadal,104745,2013-12-23,5.28
1161,Djokovic,104925,2013-01-07,5.28
1162,Nadal,104745,2013-11-25,5.28
1163,Djokovic,104925,2013-01-14,5.28
1164,Djokovic,104925,2013-05-13,5.28
1165,Nadal,104745,2013-12-02,5.28
1166,Djokovic,104925,2013-01-28,5.29
1167,Djokovic,104925,2012-04-09,5.29
1168,Nadal,104745,2013-11-18,5.29
1169,Djokovic,104925,2012-12-24,5.29
1170,Djokovic,104925,2012-11-19,5.29
1171,Djokovic,104925,2012-12-31,5.29
1172,Djokovic,104925,2012-11-12,5.29
1173,Djokovic,104925,2012-12-17,5.29
1174,Djokovic,104925,2015-03-02,5.30
1175,Djokovic,104925,2012-12-10,5.30
1176,Nadal,104745,2013-11-11,5.31
1177,Djokovic,104925,2013-02-18,5.31
1178,Nadal,104745,2011-04-11,5.31
1179,Djokovic,104925,2015-04-13,5.31
1180,Djokovic,104925,2012-11-26,5.31
1181,Nadal,104745,2014-01-06,5.31
1182,Djokovic,104925,2013-02-11,5.31
1183,Djokovic,104925,2012-12-03,5.31
1184,Nadal,104745,2011-04-18,5.32
1185,Nadal,104745,2014-01-13,5.32
1186,Djokovic,104925,2015-04-06,5.32
1187,Nadal,104745,2011-04-04,5.32
1188,Djokovic,104925,2011-08-08,5.33
1189,Nadal,104745,2014-04-21,5.33
1190,Nadal,104745,2011-04-25,5.34
1191,Djokovic,104925,2013-02-25,5.34
1192,Djokovic,104925,2013-04-22,5.34
1193,Djokovic,104925,2012-04-16,5.34
1194,Djokovic,104925,2013-02-04,5.35
1195,Djokovic,104925,2013-05-06,5.35
1196,Djokovic,104925,2013-04-29,5.36
1197,Djokovic,104925,2012-04-30,5.43
1198,Djokovic,104925,2016-09-12,5.44
1199,Djokovic,104925,2015-06-29,5.45
1200,Djokovic,104925,2016-09-19,5.45
1201,Djokovic,104925,2016-09-26,5.46
1202,Djokovic,104925,2016-10-03,5.47
1203,Djokovic,104925,2011-08-01,5.47
1204,Djokovic,104925,2011-07-25,5.48
1205,Djokovic,104925,2011-07-18,5.48
1206,Djokovic,104925,2013-03-04,5.48
1207,Nadal,104745,2014-04-07,5.49
1208,Djokovic,104925,2013-03-18,5.49
1209,Nadal,104745,2014-04-14,5.50
1210,Djokovic,104925,2011-07-11,5.50
1211,Djokovic,104925,2015-06-22,5.50
1212,Nadal,104745,2014-03-31,5.51
1213,Djokovic,104925,2012-03-05,5.53
1214,Djokovic,104925,2015-05-25,5.54
1215,Djokovic,104925,2015-06-08,5.54
1216,Djokovic,104925,2015-06-15,5.54
1217,Djokovic,104925,2012-04-23,5.55
1218,Djokovic,104925,2015-05-11,5.55
1219,Djokovic,104925,2015-05-18,5.55
1220,Djokovic,104925,2015-07-13,5.55
1221,Djokovic,104925,2011-07-04,5.55
1222,Djokovic,104925,2012-02-27,5.55
1223,Djokovic,104925,2015-08-10,5.56
1224,Djokovic,104925,2015-05-04,5.57
1225,Djokovic,104925,2015-04-20,5.58
1226,Djokovic,104925,2015-08-03,5.58
1227,Djokovic,104925,2015-04-27,5.58
1228,Djokovic,104925,2015-07-27,5.59
1229,Djokovic,104925,2015-07-20,5.59
1230,Djokovic,104925,2011-08-15,5.61
1231,Nadal,104745,2014-03-03,5.66
1232,Djokovic,104925,2011-12-12,5.68
1233,Djokovic,104925,2011-12-05,5.68
1234,Djokovic,104925,2012-01-16,5.69
1235,Djokovic,104925,2011-12-19,5.69
1236,Djokovic,104925,2011-12-26,5.69
1237,Djokovic,104925,2012-01-02,5.69
1238,Djokovic,104925,2012-01-09,5.70
1239,Nadal,104745,2014-02-17,5.70
1240,Djokovic,104925,2011-11-28,5.70
1241,Djokovic,104925,2011-11-21,5.71
1242,Djokovic,104925,2011-11-14,5.71
1243,Djokovic,104925,2012-01-30,5.71
1244,Djokovic,104925,2016-08-22,5.72
1245,Djokovic,104925,2012-02-06,5.72
1246,Djokovic,104925,2016-08-29,5.73
1247,Djokovic,104925,2011-10-17,5.73
1248,Djokovic,104925,2011-10-24,5.74
1249,Djokovic,104925,2011-11-07,5.74
1250,Djokovic,104925,2015-08-17,5.76
1251,Djokovic,104925,2012-02-20,5.76
1252,Djokovic,104925,2016-07-25,5.77
1253,Djokovic,104925,2012-02-13,5.77
1254,Djokovic,104925,2011-10-31,5.77
1255,Djokovic,104925,2011-08-22,5.78
1256,Djokovic,104925,2011-08-29,5.78
1257,Nadal,104745,2014-02-03,5.80
1258,Djokovic,104925,2016-07-18,5.80
1259,Nadal,104745,2014-02-10,5.81
1260,Nadal,104745,2014-01-27,5.81
1261,Djokovic,104925,2016-07-11,5.86
1262,Nadal,104745,2014-02-24,5.86
1263,Djokovic,104925,2011-10-10,5.87
1264,Djokovic,104925,2015-08-31,5.87
1265,Djokovic,104925,2015-08-24,5.92
1266,Djokovic,104925,2016-08-15,5.94
1267,Djokovic,104925,2016-04-25,6.00
1268,Djokovic,104925,2016-04-18,6.00
1269,Djokovic,104925,2016-05-02,6.02
1270,Djokovic,104925,2015-11-16,6.02
1271,Djokovic,104925,2015-11-09,6.04
1272,Djokovic,104925,2011-10-03,6.07
1273,Djokovic,104925,2011-09-26,6.08
1274,Djokovic,104925,2011-09-19,6.09
1275,Djokovic,104925,2011-09-12,6.10
1276,Djokovic,104925,2016-08-01,6.12
1277,Djokovic,104925,2016-08-08,6.14
1278,Djokovic,104925,2015-11-02,6.22
1279,Djokovic,104925,2015-10-05,6.24
1280,Djokovic,104925,2016-05-16,6.26
1281,Djokovic,104925,2016-05-23,6.26
1282,Djokovic,104925,2015-10-12,6.28
1283,Djokovic,104925,2016-04-04,6.36
1284,Djokovic,104925,2016-03-21,6.38
1285,Djokovic,104925,2016-02-29,6.39
1286,Djokovic,104925,2016-04-11,6.39
1287,Djokovic,104925,2015-12-21,6.41
1288,Djokovic,104925,2015-12-14,6.41
1289,Djokovic,104925,2015-12-28,6.41
1290,Djokovic,104925,2016-01-04,6.41
1291,Djokovic,104925,2016-03-07,6.41
1292,Djokovic,104925,2015-12-07,6.41
1293,Djokovic,104925,2016-05-09,6.42
1294,Djokovic,104925,2015-11-30,6.42
1295,Djokovic,104925,2015-11-23,6.44
1296,Djokovic,104925,2015-09-28,6.44
1297,Djokovic,104925,2015-09-21,6.45
1298,Djokovic,104925,2016-01-18,6.46
1299,Djokovic,104925,2016-02-01,6.46
1300,Djokovic,104925,2015-09-14,6.46
1301,Djokovic,104925,2016-02-22,6.47
1302,Djokovic,104925,2016-01-11,6.47
1303,Djokovic,104925,2016-02-08,6.47
1304,Djokovic,104925,2016-02-15,6.47
1305,Djokovic,104925,2016-06-06,6.58
1306,Djokovic,104925,2015-10-26,6.59
1307,Djokovic,104925,2016-06-20,6.60
1308,Djokovic,104925,2016-06-27,6.60
1309,Djokovic,104925,2015-10-19,6.61
1310,Djokovic,104925,2016-06-13,6.79
